insert into USERS (USER_ID, LAST_MODIFIED_DATE_TIME, CREATED_DATE_TIME, BIRTH, GENDER, NAME, PWD, ROLE, USERNAME) values (1, '2022-06-01 16:32:06.277454', '2022-06-01 16:32:06.277454', '1990-01-01', 'FEMALE', '관리자', '{bcrypt}$2a$10$4hdL2I0l7PuAQAGqGOhSj.7rTFWDThXVQh7jf78Tcou/.afkD/XB.', 'ROLE_ADMIN', 'admin');
insert into USERS (USER_ID, LAST_MODIFIED_DATE_TIME, CREATED_DATE_TIME, BIRTH, GENDER, NAME, PWD, ROLE, USERNAME) values (2, '2022-06-01 16:32:06.277454', '2022-06-01 16:32:06.277454', '2000-01-01', 'FEMALE', '홍길동', '{bcrypt}$2a$10$4hdL2I0l7PuAQAGqGOhSj.7rTFWDThXVQh7jf78Tcou/.afkD/XB.', 'ROLE_ADMIN', 'user');
insert into USERS (USER_ID, LAST_MODIFIED_DATE_TIME, CREATED_DATE_TIME, BIRTH, GENDER, NAME, PWD, ROLE, USERNAME) values (3, '2022-06-01 16:32:06.277454', '2022-06-01 16:32:06.277454', '2004-01-01', 'FEMALE', '홍길동', '{bcrypt}$2a$10$4hdL2I0l7PuAQAGqGOhSj.7rTFWDThXVQh7jf78Tcou/.afkD/XB.', 'ROLE_USER', 'user1');
insert into USERS (USER_ID, LAST_MODIFIED_DATE_TIME, CREATED_DATE_TIME, BIRTH, GENDER, NAME, PWD, ROLE, USERNAME) values (4, '2022-06-01 16:32:06.277454', '2022-06-01 16:32:06.277454', '1996-01-01', 'MALE', '홍길동', '{bcrypt}$2a$10$4hdL2I0l7PuAQAGqGOhSj.7rTFWDThXVQh7jf78Tcou/.afkD/XB.', 'ROLE_USER', 'user2');
insert into USERS (USER_ID, LAST_MODIFIED_DATE_TIME, CREATED_DATE_TIME, BIRTH, GENDER, NAME, PWD, ROLE, USERNAME) values (5, '2022-06-01 16:32:06.277454', '2022-06-01 16:32:06.277454', '1993-01-01', 'FEMALE', '홍길동', '{bcrypt}$2a$10$4hdL2I0l7PuAQAGqGOhSj.7rTFWDThXVQh7jf78Tcou/.afkD/XB.', 'ROLE_USER', 'user3');
insert into USERS (USER_ID, LAST_MODIFIED_DATE_TIME, CREATED_DATE_TIME, BIRTH, GENDER, NAME, PWD, ROLE, USERNAME) values (6, '2022-06-01 16:32:06.277454', '2022-06-01 16:32:06.277454', '1991-01-01', 'MALE', '홍길동', '{bcrypt}$2a$10$4hdL2I0l7PuAQAGqGOhSj.7rTFWDThXVQh7jf78Tcou/.afkD/XB.', 'ROLE_USER', 'user4');
insert into USERS (USER_ID, LAST_MODIFIED_DATE_TIME, CREATED_DATE_TIME, BIRTH, GENDER, NAME, PWD, ROLE, USERNAME) values (7, '2022-06-01 16:32:06.277454', '2022-06-01 16:32:06.277454', '2002-01-01', 'MALE', '홍길동', '{bcrypt}$2a$10$4hdL2I0l7PuAQAGqGOhSj.7rTFWDThXVQh7jf78Tcou/.afkD/XB.', 'ROLE_USER', 'user5');
insert into USERS (USER_ID, LAST_MODIFIED_DATE_TIME, CREATED_DATE_TIME, BIRTH, GENDER, NAME, PWD, ROLE, USERNAME) values (8, '2022-06-01 16:32:06.277454', '2022-06-01 16:32:06.277454', '2003-01-01', 'FEMALE', '홍길동', '{bcrypt}$2a$10$4hdL2I0l7PuAQAGqGOhSj.7rTFWDThXVQh7jf78Tcou/.afkD/XB.', 'ROLE_USER', 'user6');

insert into MOVIES (MOVIE_ID, ACTOR, DIRECTOR, GENRE, OPENING_DATE, POSTER_URL, RATING, RUNNING_TIME, SYNOPSIS, TITLE) values (1, '크리스 프랫, 브라이스 달라스 하워드, 드완다 와이즈, 로라 던, 제프 골드브럼, 샘 닐', '콜린 트레보로우', '액션, 어드벤처', '2022-06-01', 'https://img.cgv.co.kr/Movie/Thumbnail/Poster/000085/85689/85689_1000.jpg', 'TWELVE', 147, '줄거리...', '쥬라기 월드-도미니언');
insert into MOVIES (MOVIE_ID, ACTOR, DIRECTOR, GENRE, OPENING_DATE, POSTER_URL, RATING, RUNNING_TIME, SYNOPSIS, TITLE) values (2, '이선호, 김영선', '유야마 쿠니히코', '애니메이션', '2022-06-01', 'https://img.cgv.co.kr/Movie/Thumbnail/Poster/000085/85833/85833_1000.jpg', 'ALL', 96, '끝나지 않은 전설의 포켓몬들의 배틀로
위험에 빠진 반전 세계와 현실 세계를 구하기 위해
감사포켓몬 ‘쉐이미’와 ‘지우’, ‘피카츄’가 나서면서 시작되는 모험 이야기', '극장판 포켓몬스터DP-기라티나와 하늘의 꽃다발 쉐이미');
insert into MOVIES (MOVIE_ID, ACTOR, DIRECTOR, GENRE, OPENING_DATE, POSTER_URL, RATING, RUNNING_TIME, SYNOPSIS, TITLE) values (3, '마동석, 손석구, 최귀화, 박지환, 허동원, 하준, 정재광', '이상용', '범죄, 액션', '2022-05-18', 'https://img.cgv.co.kr/Movie/Thumbnail/Poster/000085/85813/85813_1000.jpg', 'FIFTEEN', 106, '“느낌 오지? 이 놈 잡아야 하는 거”

가리봉동 소탕작전 후 4년 뒤,
금천서 강력반은 베트남으로 도주한 용의자를 인도받아 오라는 미션을 받는다.

괴물형사 ‘마석도’(마동석)와 ‘전일만’(최귀화) 반장은 현지 용의자에게서 수상함을 느끼고,
그의 뒤에 무자비한 악행을 벌이는 ‘강해상’(손석구)이 있음을 알게 된다.

‘마석도’와 금천서 강력반은 한국과 베트남을 오가며
 역대급 범죄를 저지르는 ‘강해상’을 본격적으로 쫓기 시작하는데...

나쁜 놈들 잡는 데 국경 없다!
통쾌하고 화끈한 범죄 소탕 작전이 다시 펼쳐진다!', '범죄도시 2');
insert into MOVIES (MOVIE_ID, ACTOR, DIRECTOR, GENRE, OPENING_DATE, POSTER_URL, RATING, RUNNING_TIME, SYNOPSIS, TITLE) values (4, '톰 크루즈 ,  마일즈 텔러 ,  제니퍼 코넬리', '조셉 코신스키', '액션', '2022-06-22', 'https://img.cgv.co.kr/Movie/Thumbnail/Poster/000082/82120/82120_1000.jpg', 'TWELVE', 130, '한순간의 실수도 용납되지 않는 하늘 위,
가장 압도적인 비행이 시작된다!

최고의 파일럿이자 전설적인 인물 매버릭(톰 크루즈)은 자신이 졸업한 훈련학교 교관으로 발탁된다.
그의 명성을 모르던 팀원들은 매버릭의 지시를 무시하지만 실전을 방불케 하는 상공 훈련에서 눈으로 봐도 믿기 힘든 전설적인 조종 실력에 모두가 압도된다.

매버릭의 지휘아래 견고한 팀워크를 쌓아가던 팀원들에게 국경을 뛰어넘는 위험한 임무가 주어지자
매버릭은 자신이 가르친 동료들과 함께 마지막이 될 지 모를 하늘 위 비행에 나서는데', '탑건-매버릭');
insert into MOVIES (MOVIE_ID, ACTOR, DIRECTOR, GENRE, OPENING_DATE, POSTER_URL, RATING, RUNNING_TIME, SYNOPSIS, TITLE) values (5, '송강호 ,  강동원 ,  배두나 ,  이지은 ,  이주영', '고레에다 히로카즈', '드라마', '2022-06-08', 'https://img.cgv.co.kr/Movie/Thumbnail/Poster/000085/85829/85829_1000.jpg', 'TWELVE', 129, '세탁소를 운영하지만 늘 빚에 시달리는 ‘상현’(송강호)과
베이비 박스 시설에서 일하는 보육원 출신의 ‘동수’(강동원).
거센 비가 내리는 어느 날 밤,
그들은 베이비 박스에 놓인 한 아기를 몰래 데려간다.
하지만 이튿날, 생각지 못하게 엄마 ‘소영’(이지은)이 아기 ‘우성’을 찾으러 돌아온다.
아기가 사라진 것을 안 소영이 경찰에 신고하려 하자 솔직하게 털어놓는 두 사람.
우성이를 잘 키울 적임자를 찾아 주기 위해서 그랬다는 변명이 기가 막히지만
소영은 우성이의 새 부모를 찾는 여정에 상현, 동수와 함께하기로 한다.

한편 이 모든 과정을 지켜본 형사 ‘수진’(배두나)과 후배 ‘이형사’(이주영).
이들을 현행범으로 잡고 반 년째 이어온 수사를 마무리하기 위해 조용히 뒤를 쫓는다.

베이비 박스,
그곳에서 의도치 않게 만난 이들의
예기치 못한 특별한 여정이 시작된다.', '브로커');
insert into MOVIES (MOVIE_ID, ACTOR, DIRECTOR, GENRE, OPENING_DATE, POSTER_URL, RATING, RUNNING_TIME, SYNOPSIS, TITLE) values (6, '콜린 파렐 ,  조디 터너 스미스 ,  저스틴 H.민 ,  말레아 엠마 찬드로위자야', '코고나다', '드라마', '2022-06-01', 'https://img.cgv.co.kr/Movie/Thumbnail/Poster/000085/85884/85884_1000.jpg', 'ALL', 96, '함께 살던 안드로이드 인간 ‘양’이 어느 날 작동을 멈추자
제이크 가족은 그를 수리할 방법을 찾는다.
그러던 중, ‘양’에게서 특별한 메모리 뱅크를 발견하고
그의 기억을 탐험하기 시작하는데…

무엇을 남기고 싶었어, 양?', '애프터 양');
insert into MOVIES (MOVIE_ID, ACTOR, DIRECTOR, GENRE, OPENING_DATE, POSTER_URL, RATING, RUNNING_TIME, SYNOPSIS, TITLE) values (7, '송강호, 김옥빈', '박찬욱', '호러, 드라마', '2017-07-27', 'https://img.cgv.co.kr/Movie/Thumbnail/Poster/000079/79858/79858_1000.jpg', 'ONLY_ADULT', 147, '뱀파이어가 된 신부, 친구의 아내를 탐하다

병원에서 근무하는 신부 ‘상현’은 죽어가는 환자들을 보고만 있어야 하는 자신의 무기력함에 괴로워 하다가 해외에서 비밀리에 진행되는 백신개발 실험에 자발적으로 참여한다. 그러나 실험 도중 바이러스 감염으로 죽음에 이르고, 정체불명의 피를 수혈 받아 기적적으로 소생한다. 하지만 그 피는 상현을 뱀파이어로 만들어버렸다. 피를 원하는 육체적 욕구와 살인을 원치 않는 신앙심의 충돌은 상현을 짓누르지만 피를 먹지 않고 그는 살 수가 없다. 하지만 살인하지 않고 사람의 피를 어떻게 구한단 말인가?
 기적적으로 생명을 건진 상현은 그가 기적을 일으킬 수 있다고 믿고 기도를 청하는 신봉자들 사이에서 어린 시절 친구 ‘강우’와 그의 아내 ‘태주’를 만나게 된다. 뱀파이어가 된 상현은 태주의 묘한 매력에 억누를 수 없는 욕망을 느낀다. 태주 또한 히스테리컬한 시어머니와 무능력한 남편에게 억눌렸던 욕망을 일깨워준 상현에게 집착하고 위험한 사랑에 빠져든다. 모든 것을 포기할 만큼 태주를 사랑하게 된 상현은 끝내 신부의 옷을 벗고 그녀의 세계로 들어 간다. 인간적 욕망의 기쁨이 이런 것이었던가. 이제 모든 쾌락을 갈구하게 된 상현은 신부라는 굴레를 벗어 던진다.
 점점 더 대담해져만 가는 상현과 태주의 사랑. 상현이 뱀파이어라는 사실을 알게 된 태주는 두려움에 거리를 두지만 그것도 잠시, 상현의 가공할 힘을 이용해 남편을 죽이자고 유혹한다. 사랑이란 이름으로 더욱 그를 조여오는 태주. 살인만은 피하고자 했던 상현은 결국 태주를 위해 강우를 죽이기 위한 그녀의 제안을 받아들이는데… 한치 앞을 알 수 없는 이들의 사랑, 과연 그 끝은 어떻게 될까.', '박쥐 확장판');
insert into MOVIES (MOVIE_ID, ACTOR, DIRECTOR, GENRE, OPENING_DATE, POSTER_URL, RATING, RUNNING_TIME, SYNOPSIS, TITLE) values (8, '배우8', '감독8', '장르8', '2022-06-13', 'https://img.cgv.co.kr/Movie/Thumbnail/Poster/000079/79858/79858_1000.jpg', 'ALL', 100, '줄거리...', '제목8');
insert into MOVIES (MOVIE_ID, ACTOR, DIRECTOR, GENRE, OPENING_DATE, POSTER_URL, RATING, RUNNING_TIME, SYNOPSIS, TITLE) values (9, '배우9', '감독9', '장르9', '2022-06-13', 'https://img.cgv.co.kr/Movie/Thumbnail/Poster/000085/85977/85977_1000.jpg', 'ALL', 100, '줄거리...', '제목9');
insert into MOVIES (MOVIE_ID, ACTOR, DIRECTOR, GENRE, OPENING_DATE, POSTER_URL, RATING, RUNNING_TIME, SYNOPSIS, TITLE) values (10, '배우10', '감독10', '장르10', '2022-06-13', 'https://img.cgv.co.kr/Movie/Thumbnail/Poster/000085/85715/85715_1000.jpg', 'ALL', 100, '줄거리...', '제목10');
insert into MOVIES (MOVIE_ID, ACTOR, DIRECTOR, GENRE, OPENING_DATE, POSTER_URL, RATING, RUNNING_TIME, SYNOPSIS, TITLE) values (11, '배우11', '감독11', '장르11', '2022-06-13', 'https://img.cgv.co.kr/Movie/Thumbnail/Poster/000085/85871/85871_1000.jpg', 'ALL', 100, '줄거리...', '제목11');

insert into SCREENS (SCREEN_ID, NAME) values (1, '1층 1관');
insert into SCREENS (SCREEN_ID, NAME) values (2, '2층 2관');

insert into SEATS (SEAT_ID, "COLUMN", NUMBER, SCREEN_ID) values (1, 'A', 1, 1);
insert into SEATS (SEAT_ID, "COLUMN", NUMBER, SCREEN_ID) values (2, 'A', 2, 1);
insert into SEATS (SEAT_ID, "COLUMN", NUMBER, SCREEN_ID) values (3, 'A', 3, 1);
insert into SEATS (SEAT_ID, "COLUMN", NUMBER, SCREEN_ID) values (4, 'A', 4, 1);
insert into SEATS (SEAT_ID, "COLUMN", NUMBER, SCREEN_ID) values (5, 'A', 5, 1);
insert into SEATS (SEAT_ID, "COLUMN", NUMBER, SCREEN_ID) values (6, 'A', 6, 1);
insert into SEATS (SEAT_ID, "COLUMN", NUMBER, SCREEN_ID) values (7, 'A', 7, 1);
insert into SEATS (SEAT_ID, "COLUMN", NUMBER, SCREEN_ID) values (8, 'A', 8, 1);
insert into SEATS (SEAT_ID, "COLUMN", NUMBER, SCREEN_ID) values (9, 'A', 9, 1);
insert into SEATS (SEAT_ID, "COLUMN", NUMBER, SCREEN_ID) values (10, 'A', 10, 1);
insert into SEATS (SEAT_ID, "COLUMN", NUMBER, SCREEN_ID) values (11, 'B', 1, 1);
insert into SEATS (SEAT_ID, "COLUMN", NUMBER, SCREEN_ID) values (12, 'B', 2, 1);
insert into SEATS (SEAT_ID, "COLUMN", NUMBER, SCREEN_ID) values (13, 'B', 3, 1);
insert into SEATS (SEAT_ID, "COLUMN", NUMBER, SCREEN_ID) values (14, 'B', 4, 1);
insert into SEATS (SEAT_ID, "COLUMN", NUMBER, SCREEN_ID) values (15, 'B', 5, 1);
insert into SEATS (SEAT_ID, "COLUMN", NUMBER, SCREEN_ID) values (16, 'B', 6, 1);
insert into SEATS (SEAT_ID, "COLUMN", NUMBER, SCREEN_ID) values (17, 'B', 7, 1);
insert into SEATS (SEAT_ID, "COLUMN", NUMBER, SCREEN_ID) values (18, 'B', 8, 1);
insert into SEATS (SEAT_ID, "COLUMN", NUMBER, SCREEN_ID) values (19, 'B', 9, 1);
insert into SEATS (SEAT_ID, "COLUMN", NUMBER, SCREEN_ID) values (20, 'B', 10, 1);
insert into SEATS (SEAT_ID, "COLUMN", NUMBER, SCREEN_ID) values (21, 'C', 1, 1);
insert into SEATS (SEAT_ID, "COLUMN", NUMBER, SCREEN_ID) values (22, 'C', 2, 1);
insert into SEATS (SEAT_ID, "COLUMN", NUMBER, SCREEN_ID) values (23, 'C', 3, 1);
insert into SEATS (SEAT_ID, "COLUMN", NUMBER, SCREEN_ID) values (24, 'C', 4, 1);
insert into SEATS (SEAT_ID, "COLUMN", NUMBER, SCREEN_ID) values (25, 'C', 5, 1);
insert into SEATS (SEAT_ID, "COLUMN", NUMBER, SCREEN_ID) values (26, 'C', 6, 1);
insert into SEATS (SEAT_ID, "COLUMN", NUMBER, SCREEN_ID) values (27, 'C', 7, 1);
insert into SEATS (SEAT_ID, "COLUMN", NUMBER, SCREEN_ID) values (28, 'C', 8, 1);
insert into SEATS (SEAT_ID, "COLUMN", NUMBER, SCREEN_ID) values (29, 'C', 9, 1);
insert into SEATS (SEAT_ID, "COLUMN", NUMBER, SCREEN_ID) values (30, 'C', 10, 1);

insert into SCHEDULES (SCHEDULE_ID, START_DATE_TIME, MOVIE_ID, SCREEN_ID) values (1, '2022-06-14 13:00:00', 1, 1);
insert into SCHEDULES (SCHEDULE_ID, START_DATE_TIME, MOVIE_ID, SCREEN_ID) values (2, '2022-06-14 21:20:00', 1, 1);
insert into SCHEDULES (SCHEDULE_ID, START_DATE_TIME, MOVIE_ID, SCREEN_ID) values (3, '2022-06-14 21:20:00', 2, 1);
insert into SCHEDULES (SCHEDULE_ID, START_DATE_TIME, MOVIE_ID, SCREEN_ID) values (4, '2022-06-14 21:20:00', 3, 1);

insert into TICKETS (TICKET_ID, LAST_MODIFIED_DATE_TIME, CREATED_DATE_TIME, TOTAL_PRICE, SCHEDULE_ID, USER_ID) values (1, '2022-06-01 16:32:06.277454', '2022-06-01 16:32:06.277454', 10000, 1, 2);
insert into TICKETS (TICKET_ID, LAST_MODIFIED_DATE_TIME, CREATED_DATE_TIME, TOTAL_PRICE, SCHEDULE_ID, USER_ID) values (2, '2022-06-01 16:32:06.277454', '2022-06-01 16:32:06.277454', 10000, 1, 3);
insert into TICKETS (TICKET_ID, LAST_MODIFIED_DATE_TIME, CREATED_DATE_TIME, TOTAL_PRICE, SCHEDULE_ID, USER_ID) values (3, '2022-06-01 16:32:06.277454', '2022-06-01 16:32:06.277454', 10000, 1, 4);
insert into TICKETS (TICKET_ID, LAST_MODIFIED_DATE_TIME, CREATED_DATE_TIME, TOTAL_PRICE, SCHEDULE_ID, USER_ID) values (4, '2022-06-01 16:32:06.277454', '2022-06-01 16:32:06.277454', 10000, 1, 5);
insert into TICKETS (TICKET_ID, LAST_MODIFIED_DATE_TIME, CREATED_DATE_TIME, TOTAL_PRICE, SCHEDULE_ID, USER_ID) values (5, '2022-06-01 16:32:06.277454', '2022-06-01 16:32:06.277454', 10000, 1, 6);
insert into TICKETS (TICKET_ID, LAST_MODIFIED_DATE_TIME, CREATED_DATE_TIME, TOTAL_PRICE, SCHEDULE_ID, USER_ID) values (6, '2022-06-01 16:32:06.277454', '2022-06-01 16:32:06.277454', 10000, 1, 7);
insert into TICKETS (TICKET_ID, LAST_MODIFIED_DATE_TIME, CREATED_DATE_TIME, TOTAL_PRICE, SCHEDULE_ID, USER_ID) values (7, '2022-06-01 16:32:06.277454', '2022-06-01 16:32:06.277454', 10000, 1, 8);
insert into TICKETS (TICKET_ID, LAST_MODIFIED_DATE_TIME, CREATED_DATE_TIME, TOTAL_PRICE, SCHEDULE_ID, USER_ID) values (8, '2022-06-01 16:32:06.277454', '2022-06-01 16:32:06.277454', 10000, 2, 2);
insert into TICKETS (TICKET_ID, LAST_MODIFIED_DATE_TIME, CREATED_DATE_TIME, TOTAL_PRICE, SCHEDULE_ID, USER_ID) values (9, '2022-06-01 16:32:06.277454', '2022-06-01 16:32:06.277454', 10000, 2, 3);
insert into TICKETS (TICKET_ID, LAST_MODIFIED_DATE_TIME, CREATED_DATE_TIME, TOTAL_PRICE, SCHEDULE_ID, USER_ID) values (10, '2022-06-01 16:32:06.277454', '2022-06-01 16:32:06.277454', 10000, 2, 4);
insert into TICKETS (TICKET_ID, LAST_MODIFIED_DATE_TIME, CREATED_DATE_TIME, TOTAL_PRICE, SCHEDULE_ID, USER_ID) values (11, '2022-06-01 16:32:06.277454', '2022-06-01 16:32:06.277454', 10000, 2, 5);
insert into TICKETS (TICKET_ID, LAST_MODIFIED_DATE_TIME, CREATED_DATE_TIME, TOTAL_PRICE, SCHEDULE_ID, USER_ID) values (12, '2022-06-01 16:32:06.277454', '2022-06-01 16:32:06.277454', 10000, 2, 6);
insert into TICKETS (TICKET_ID, LAST_MODIFIED_DATE_TIME, CREATED_DATE_TIME, TOTAL_PRICE, SCHEDULE_ID, USER_ID) values (13, '2022-06-01 16:32:06.277454', '2022-06-01 16:32:06.277454', 10000, 2, 7);
insert into TICKETS (TICKET_ID, LAST_MODIFIED_DATE_TIME, CREATED_DATE_TIME, TOTAL_PRICE, SCHEDULE_ID, USER_ID) values (14, '2022-06-01 16:32:06.277454', '2022-06-01 16:32:06.277454', 10000, 2, 8);
insert into TICKETS (TICKET_ID, LAST_MODIFIED_DATE_TIME, CREATED_DATE_TIME, TOTAL_PRICE, SCHEDULE_ID, USER_ID) values (15, '2022-06-01 16:32:06.277454', '2022-06-01 16:32:06.277454', 10000, 3, 2);
insert into TICKETS (TICKET_ID, LAST_MODIFIED_DATE_TIME, CREATED_DATE_TIME, TOTAL_PRICE, SCHEDULE_ID, USER_ID) values (16, '2022-06-01 16:32:06.277454', '2022-06-01 16:32:06.277454', 10000, 3, 3);
insert into TICKETS (TICKET_ID, LAST_MODIFIED_DATE_TIME, CREATED_DATE_TIME, TOTAL_PRICE, SCHEDULE_ID, USER_ID) values (17, '2022-06-01 16:32:06.277454', '2022-06-01 16:32:06.277454', 10000, 3, 4);
insert into TICKETS (TICKET_ID, LAST_MODIFIED_DATE_TIME, CREATED_DATE_TIME, TOTAL_PRICE, SCHEDULE_ID, USER_ID) values (18, '2022-06-01 16:32:06.277454', '2022-06-01 16:32:06.277454', 10000, 4, 5);
insert into TICKETS (TICKET_ID, LAST_MODIFIED_DATE_TIME, CREATED_DATE_TIME, TOTAL_PRICE, SCHEDULE_ID, USER_ID) values (19, '2022-06-01 16:32:06.277454', '2022-06-01 16:32:06.277454', 10000, 4, 6);

insert into REVIEWS (REVIEW_ID, LAST_MODIFIED_DATE_TIME, CREATED_DATE_TIME, COMMENT, STAR, MOVIE_ID, USER_ID) values (1, '2022-06-10 10:14:42.000000', '2022-06-10 10:14:42.000000', '최고의 영화1', 5, 1, 2);
insert into REVIEWS (REVIEW_ID, LAST_MODIFIED_DATE_TIME, CREATED_DATE_TIME, COMMENT, STAR, MOVIE_ID, USER_ID) values (2, '2022-06-10 10:14:42.000000', '2022-06-10 10:14:42.000000', '최고의 영화2', 2, 3, 3);
insert into REVIEWS (REVIEW_ID, LAST_MODIFIED_DATE_TIME, CREATED_DATE_TIME, COMMENT, STAR, MOVIE_ID, USER_ID) values (3, '2022-06-10 10:14:42.000000', '2022-06-10 10:14:42.000000', '최고의 영화3', 4, 2, 4);
insert into REVIEWS (REVIEW_ID, LAST_MODIFIED_DATE_TIME, CREATED_DATE_TIME, COMMENT, STAR, MOVIE_ID, USER_ID) values (4, '2022-06-10 10:14:42.000000', '2022-06-10 10:14:42.000000', '최고의 영화4', 3, 1, 5);
insert into REVIEWS (REVIEW_ID, LAST_MODIFIED_DATE_TIME, CREATED_DATE_TIME, COMMENT, STAR, MOVIE_ID, USER_ID) values (5, '2022-06-10 10:14:42.000000', '2022-06-10 10:14:42.000000', '최고의 영화5', 1, 3, 6);
insert into REVIEWS (REVIEW_ID, LAST_MODIFIED_DATE_TIME, CREATED_DATE_TIME, COMMENT, STAR, MOVIE_ID, USER_ID) values (6, '2022-06-10 10:14:42.000000', '2022-06-10 10:14:42.000000', '최고의 영화6', 2, 1, 7);
insert into REVIEWS (REVIEW_ID, LAST_MODIFIED_DATE_TIME, CREATED_DATE_TIME, COMMENT, STAR, MOVIE_ID, USER_ID) values (7, '2022-06-10 10:14:42.000000', '2022-06-10 10:14:42.000000', '최고의 영화7', 5, 2, 8);

insert into TICKET_SEATS (TICKET_SEAT_ID, SEAT_ID, TICKET_ID) values (1, 5, 1);
insert into TICKET_SEATS (TICKET_SEAT_ID, SEAT_ID, TICKET_ID) values (2, 10, 1);
insert into TICKET_SEATS (TICKET_SEAT_ID, SEAT_ID, TICKET_ID) values (3, 29, 1);

-- insert into DISCOUNT_POLICIES (DISCOUNT_POLICY_ID, TYPE, "VALUE", SCHEDULE_ID) values (1, 'AMOUNT', 1000, 1);
-- insert into DISCOUNT_POLICIES (DISCOUNT_POLICY_ID, TYPE, "VALUE", SCHEDULE_ID) values (2, 'PERCENT', 15, 2);
