insert into USERS (USER_ID, LAST_MODIFIED_DATE_TIME, CREATED_DATE_TIME, BIRTH, GENDER, NAME, PWD, ROLE, USERNAME) values (1, '2022-06-01 16:32:06.277454', '2022-06-01 16:32:06.277454', '1990-01-01', 'FEMALE', '관리자', '{bcrypt}$2a$10$4hdL2I0l7PuAQAGqGOhSj.7rTFWDThXVQh7jf78Tcou/.afkD/XB.', 'ROLE_ADMIN', 'admin');
insert into USERS (USER_ID, LAST_MODIFIED_DATE_TIME, CREATED_DATE_TIME, BIRTH, GENDER, NAME, PWD, ROLE, USERNAME) values (2, '2022-06-01 16:32:06.277454', '2022-06-01 16:32:06.277454', '2000-01-01', 'FEMALE', '홍길동', '{bcrypt}$2a$10$4hdL2I0l7PuAQAGqGOhSj.7rTFWDThXVQh7jf78Tcou/.afkD/XB.', 'ROLE_USER', 'user');
insert into USERS (USER_ID, LAST_MODIFIED_DATE_TIME, CREATED_DATE_TIME, BIRTH, GENDER, NAME, PWD, ROLE, USERNAME) values (3, '2022-06-01 16:32:06.277454', '2022-06-01 16:32:06.277454', '2004-01-01', 'FEMALE', '홍길동', '{bcrypt}$2a$10$4hdL2I0l7PuAQAGqGOhSj.7rTFWDThXVQh7jf78Tcou/.afkD/XB.', 'ROLE_USER', 'user1');
insert into USERS (USER_ID, LAST_MODIFIED_DATE_TIME, CREATED_DATE_TIME, BIRTH, GENDER, NAME, PWD, ROLE, USERNAME) values (4, '2022-06-01 16:32:06.277454', '2022-06-01 16:32:06.277454', '1996-01-01', 'MALE', '홍길동', '{bcrypt}$2a$10$4hdL2I0l7PuAQAGqGOhSj.7rTFWDThXVQh7jf78Tcou/.afkD/XB.', 'ROLE_USER', 'user2');
insert into USERS (USER_ID, LAST_MODIFIED_DATE_TIME, CREATED_DATE_TIME, BIRTH, GENDER, NAME, PWD, ROLE, USERNAME) values (5, '2022-06-01 16:32:06.277454', '2022-06-01 16:32:06.277454', '1993-01-01', 'FEMALE', '홍길동', '{bcrypt}$2a$10$4hdL2I0l7PuAQAGqGOhSj.7rTFWDThXVQh7jf78Tcou/.afkD/XB.', 'ROLE_USER', 'user3');
insert into USERS (USER_ID, LAST_MODIFIED_DATE_TIME, CREATED_DATE_TIME, BIRTH, GENDER, NAME, PWD, ROLE, USERNAME) values (6, '2022-06-01 16:32:06.277454', '2022-06-01 16:32:06.277454', '1991-01-01', 'MALE', '홍길동', '{bcrypt}$2a$10$4hdL2I0l7PuAQAGqGOhSj.7rTFWDThXVQh7jf78Tcou/.afkD/XB.', 'ROLE_USER', 'user4');
insert into USERS (USER_ID, LAST_MODIFIED_DATE_TIME, CREATED_DATE_TIME, BIRTH, GENDER, NAME, PWD, ROLE, USERNAME) values (7, '2022-06-01 16:32:06.277454', '2022-06-01 16:32:06.277454', '2002-01-01', 'MALE', '홍길동', '{bcrypt}$2a$10$4hdL2I0l7PuAQAGqGOhSj.7rTFWDThXVQh7jf78Tcou/.afkD/XB.', 'ROLE_USER', 'user5');
insert into USERS (USER_ID, LAST_MODIFIED_DATE_TIME, CREATED_DATE_TIME, BIRTH, GENDER, NAME, PWD, ROLE, USERNAME) values (8, '2022-06-01 16:32:06.277454', '2022-06-01 16:32:06.277454', '2003-01-01', 'FEMALE', '홍길동', '{bcrypt}$2a$10$4hdL2I0l7PuAQAGqGOhSj.7rTFWDThXVQh7jf78Tcou/.afkD/XB.', 'ROLE_USER', 'user6');

insert into MOVIES (MOVIE_ID, ACTOR, DIRECTOR, GENRE, OPENING_DATE, POSTER_URL, RATING, RUNNING_TIME, SYNOPSIS, TITLE) values (1, '크리스 프랫, 브라이스 달라스 하워드, 드완다 와이즈, 로라 던, 제프 골드브럼, 샘 닐', '콜린 트레보로우', '액션, 어드벤처', '2022-06-01', 'https://img.cgv.co.kr/Movie/Thumbnail/Poster/000085/85689/85689_1000.jpg', 'TWELVE', 147, '줄거리...', '쥬라기 월드-도미니언');
insert into MOVIES (MOVIE_ID, ACTOR, DIRECTOR, GENRE, OPENING_DATE, POSTER_URL, RATING, RUNNING_TIME, SYNOPSIS, TITLE) values (2, '이선호, 김영선', '유야마 쿠니히코', '애니메이션', '2022-06-01', 'https://img.cgv.co.kr/Movie/Thumbnail/Poster/000085/85833/85833_1000.jpg', 'ALL', 96, '끝나지 않은 전설의 포켓몬들의 배틀로
위험에 빠진 반전 세계와 현실 세계를 구하기 위해
감사포켓몬 ‘쉐이미’와 ‘지우’, ‘피카츄’가 나서면서 시작되는 모험 이야기', '극장판 포켓몬스터DP-기라티나와 하늘의 꽃다발 쉐이미');
insert into MOVIES (MOVIE_ID, ACTOR, DIRECTOR, GENRE, OPENING_DATE, POSTER_URL, RATING, RUNNING_TIME, SYNOPSIS, TITLE) values (3, '마동석, 손석구, 최귀화, 박지환, 허동원, 하준, 정재광', '이상용', '범죄, 액션', '2022-05-18', 'https://img.cgv.co.kr/Movie/Thumbnail/Poster/000085/85813/85813_1000.jpg', 'FIFTEEN', 106, '“느낌 오지? 이 놈 잡아야 하는 거”

가리봉동 소탕작전 후 4년 뒤,
금천서 강력반은 베트남으로 도주한 용의자를 인도받아 오라는 미션을 받는다.

괴물형사 ‘마석도’(마동석)와 ‘전일만’(최귀화) 반장은 현지 용의자에게서 수상함을 느끼고,
그의 뒤에 무자비한 악행을 벌이는 ‘강해상’(손석구)이 있음을 알게 된다.

‘마석도’와 금천서 강력반은 한국과 베트남을 오가며
 역대급 범죄를 저지르는 ‘강해상’을 본격적으로 쫓기 시작하는데...

나쁜 놈들 잡는 데 국경 없다!
통쾌하고 화끈한 범죄 소탕 작전이 다시 펼쳐진다!', '범죄도시 2');

insert into SCREENS (SCREEN_ID, NAME) values (1, '1층 1관');
insert into SCREENS (SCREEN_ID, NAME) values (2, '2층 2관');

insert into SEATS (SEAT_ID, "COLUMN", NUMBER, SCREEN_ID) values (1, 'A', 1, 1);
insert into SEATS (SEAT_ID, "COLUMN", NUMBER, SCREEN_ID) values (2, 'A', 2, 1);
insert into SEATS (SEAT_ID, "COLUMN", NUMBER, SCREEN_ID) values (3, 'A', 3, 1);
insert into SEATS (SEAT_ID, "COLUMN", NUMBER, SCREEN_ID) values (4, 'A', 4, 1);
insert into SEATS (SEAT_ID, "COLUMN", NUMBER, SCREEN_ID) values (5, 'A', 5, 1);
insert into SEATS (SEAT_ID, "COLUMN", NUMBER, SCREEN_ID) values (6, 'A', 6, 1);
insert into SEATS (SEAT_ID, "COLUMN", NUMBER, SCREEN_ID) values (7, 'A', 7, 1);
insert into SEATS (SEAT_ID, "COLUMN", NUMBER, SCREEN_ID) values (8, 'A', 8, 1);
insert into SEATS (SEAT_ID, "COLUMN", NUMBER, SCREEN_ID) values (9, 'A', 9, 1);
insert into SEATS (SEAT_ID, "COLUMN", NUMBER, SCREEN_ID) values (10, 'A', 10, 1);
insert into SEATS (SEAT_ID, "COLUMN", NUMBER, SCREEN_ID) values (11, 'B', 1, 1);
insert into SEATS (SEAT_ID, "COLUMN", NUMBER, SCREEN_ID) values (12, 'B', 2, 1);
insert into SEATS (SEAT_ID, "COLUMN", NUMBER, SCREEN_ID) values (13, 'B', 3, 1);
insert into SEATS (SEAT_ID, "COLUMN", NUMBER, SCREEN_ID) values (14, 'B', 4, 1);
insert into SEATS (SEAT_ID, "COLUMN", NUMBER, SCREEN_ID) values (15, 'B', 5, 1);
insert into SEATS (SEAT_ID, "COLUMN", NUMBER, SCREEN_ID) values (16, 'B', 6, 1);
insert into SEATS (SEAT_ID, "COLUMN", NUMBER, SCREEN_ID) values (17, 'B', 7, 1);
insert into SEATS (SEAT_ID, "COLUMN", NUMBER, SCREEN_ID) values (18, 'B', 8, 1);
insert into SEATS (SEAT_ID, "COLUMN", NUMBER, SCREEN_ID) values (19, 'B', 9, 1);
insert into SEATS (SEAT_ID, "COLUMN", NUMBER, SCREEN_ID) values (20, 'B', 10, 1);
insert into SEATS (SEAT_ID, "COLUMN", NUMBER, SCREEN_ID) values (21, 'C', 1, 1);
insert into SEATS (SEAT_ID, "COLUMN", NUMBER, SCREEN_ID) values (22, 'C', 2, 1);
insert into SEATS (SEAT_ID, "COLUMN", NUMBER, SCREEN_ID) values (23, 'C', 3, 1);
insert into SEATS (SEAT_ID, "COLUMN", NUMBER, SCREEN_ID) values (24, 'C', 4, 1);
insert into SEATS (SEAT_ID, "COLUMN", NUMBER, SCREEN_ID) values (25, 'C', 5, 1);
insert into SEATS (SEAT_ID, "COLUMN", NUMBER, SCREEN_ID) values (26, 'C', 6, 1);
insert into SEATS (SEAT_ID, "COLUMN", NUMBER, SCREEN_ID) values (27, 'C', 7, 1);
insert into SEATS (SEAT_ID, "COLUMN", NUMBER, SCREEN_ID) values (28, 'C', 8, 1);
insert into SEATS (SEAT_ID, "COLUMN", NUMBER, SCREEN_ID) values (29, 'C', 9, 1);
insert into SEATS (SEAT_ID, "COLUMN", NUMBER, SCREEN_ID) values (30, 'C', 10, 1);

insert into SCHEDULES (SCHEDULE_ID, START_DATE_TIME, MOVIE_ID, SCREEN_ID) values (1, '2022-06-02 13:00:00', 1, 1);
insert into SCHEDULES (SCHEDULE_ID, START_DATE_TIME, MOVIE_ID, SCREEN_ID) values (2, '2022-06-03 21:20:00', 1, 1);

insert into TICKETS (TICKET_ID, LAST_MODIFIED_DATE_TIME, CREATED_DATE_TIME, TOTAL_PRICE, SCHEDULE_ID, USER_ID) values (1, '2022-06-01 16:32:06.277454', '2022-06-01 16:32:06.277454', 10000, 1, 2);
insert into TICKETS (TICKET_ID, LAST_MODIFIED_DATE_TIME, CREATED_DATE_TIME, TOTAL_PRICE, SCHEDULE_ID, USER_ID) values (2, '2022-06-01 16:32:06.277454', '2022-06-01 16:32:06.277454', 10000, 1, 3);
insert into TICKETS (TICKET_ID, LAST_MODIFIED_DATE_TIME, CREATED_DATE_TIME, TOTAL_PRICE, SCHEDULE_ID, USER_ID) values (3, '2022-06-01 16:32:06.277454', '2022-06-01 16:32:06.277454', 10000, 1, 4);
insert into TICKETS (TICKET_ID, LAST_MODIFIED_DATE_TIME, CREATED_DATE_TIME, TOTAL_PRICE, SCHEDULE_ID, USER_ID) values (4, '2022-06-01 16:32:06.277454', '2022-06-01 16:32:06.277454', 10000, 1, 5);
insert into TICKETS (TICKET_ID, LAST_MODIFIED_DATE_TIME, CREATED_DATE_TIME, TOTAL_PRICE, SCHEDULE_ID, USER_ID) values (5, '2022-06-01 16:32:06.277454', '2022-06-01 16:32:06.277454', 10000, 1, 6);
insert into TICKETS (TICKET_ID, LAST_MODIFIED_DATE_TIME, CREATED_DATE_TIME, TOTAL_PRICE, SCHEDULE_ID, USER_ID) values (6, '2022-06-01 16:32:06.277454', '2022-06-01 16:32:06.277454', 10000, 1, 7);
insert into TICKETS (TICKET_ID, LAST_MODIFIED_DATE_TIME, CREATED_DATE_TIME, TOTAL_PRICE, SCHEDULE_ID, USER_ID) values (7, '2022-06-01 16:32:06.277454', '2022-06-01 16:32:06.277454', 10000, 1, 8);
insert into TICKETS (TICKET_ID, LAST_MODIFIED_DATE_TIME, CREATED_DATE_TIME, TOTAL_PRICE, SCHEDULE_ID, USER_ID) values (8, '2022-06-01 16:32:06.277454', '2022-06-01 16:32:06.277454', 10000, 2, 2);
insert into TICKETS (TICKET_ID, LAST_MODIFIED_DATE_TIME, CREATED_DATE_TIME, TOTAL_PRICE, SCHEDULE_ID, USER_ID) values (9, '2022-06-01 16:32:06.277454', '2022-06-01 16:32:06.277454', 10000, 2, 3);
insert into TICKETS (TICKET_ID, LAST_MODIFIED_DATE_TIME, CREATED_DATE_TIME, TOTAL_PRICE, SCHEDULE_ID, USER_ID) values (10, '2022-06-01 16:32:06.277454', '2022-06-01 16:32:06.277454', 10000, 2, 4);
insert into TICKETS (TICKET_ID, LAST_MODIFIED_DATE_TIME, CREATED_DATE_TIME, TOTAL_PRICE, SCHEDULE_ID, USER_ID) values (11, '2022-06-01 16:32:06.277454', '2022-06-01 16:32:06.277454', 10000, 2, 5);
insert into TICKETS (TICKET_ID, LAST_MODIFIED_DATE_TIME, CREATED_DATE_TIME, TOTAL_PRICE, SCHEDULE_ID, USER_ID) values (12, '2022-06-01 16:32:06.277454', '2022-06-01 16:32:06.277454', 10000, 2, 6);
insert into TICKETS (TICKET_ID, LAST_MODIFIED_DATE_TIME, CREATED_DATE_TIME, TOTAL_PRICE, SCHEDULE_ID, USER_ID) values (13, '2022-06-01 16:32:06.277454', '2022-06-01 16:32:06.277454', 10000, 2, 7);
insert into TICKETS (TICKET_ID, LAST_MODIFIED_DATE_TIME, CREATED_DATE_TIME, TOTAL_PRICE, SCHEDULE_ID, USER_ID) values (14, '2022-06-01 16:32:06.277454', '2022-06-01 16:32:06.277454', 10000, 2, 8);
